mH1,mH2,mH3,mA1,mA2,mC1,mC2,TanBeta1,TanBeta2,TanAlpha4,TanGamma1,TanGamma2,TanAlpha1,TanAlpha2,HiggsSignal,T-Parameter,B to s Gamma
90.2341938758308,125,419.095461539051,319.459500430804,95.3139693500796,382.77308677831,382.900594821569,1.75605601865096,2.66122520129689,1E+020,62.1135754195653,15.0059918840289,1.75605601865096,-0.375766770701207,161.119072737138,0.122048583,0.000374124023844475
95.8834978817824,125,520.953786945085,316.492678444737,90.1715632304627,410.570765330901,460.033512610562,2.60394057223066,1.78401869927589,1E+020,51.1996907205843,85.4975121703324,2.60394057223066,-0.5605322412853,161.062794631621,0.129706897,0.000369845001676314
111.264890674595,125,549.081495926347,239.458788399673,91.4923760716162,358.201381391991,483.402747139673,3.54456923022325,2.47580979570186,1E+020,32.1522093254102,7.14099354823139,3.54456923022325,-0.403908249226597,177.560712364401,0.118974306,0.00037767256560151
96.0213152501618,125,481.788277007427,241.871391700485,109.633636774548,358.400273917802,385.985453579846,3.15647597644115,2.01809749623912,1E+020,92.0243816346057,71.7366222634252,3.15647597644115,-0.495516198728543,167.533202462632,0.0839960921,0.00037804865231853
101.844612190551,125,522.100910487714,265.529531345678,147.485483500403,368.711255983613,360.431717790747,3.3790940113024,1.43418216780649,1E+020,46.1860220129188,43.3160382518113,3.3790940113024,-0.697261493307682,161.147591399921,-0.104985455,0.000377958054648811
101.252128953549,125,483.708920212302,265.066250130158,107.089896703839,359.877823683085,418.847969845151,2.78566187663737,2.12054932860091,1E+020,5.46231358552433,43.6090936858959,2.78566187663737,-0.471575919745182,172.59454528703,0.111990506,0.00037748496221354
104.337236680237,125,541.186838185742,233.073053816632,102.808247553078,350.637550117699,485.37520167158,3.6651486769299,2.21413475737715,1E+020,53.1947921051879,20.1396799347991,3.6651486769299,-0.451643693622602,161.094807013407,0.156694012,0.000379927519361777
85.2621017887708,125,417.830872071006,300.94551864146,199.68139392516,363.820673113567,378.235648489668,1.93334018592969,2.72926266799065,1E+020,33.6512729552511,16.4769997717302,1.93334018592969,-0.366399325256673,161.137143846503,0.146258986,0.000375502720900503
85.2621017887708,125,417.830872071006,300.94551864146,199.68139392516,363.820673113567,378.235648489668,1.93334018592969,2.72926266799065,1E+020,33.6512729552511,16.4769997717302,1.93334018592969,-0.366399325256673,161.137143846503,0.146258986,0.000378621347902777
85.3248766582573,125,523.581260095316,274.484679862485,162.154684456295,388.794700008225,422.079659224243,3.01727922882885,1.93923139832891,1E+020,34.0788590965138,98.5911360460986,3.01727922882885,-0.51566821827541,161.091675610465,0.120647598,0.000374027
112.666338704739,125,529.828409793486,257.210470967654,80.5166913330963,379.352104114797,397.832899852026,3.19970257692284,2.22822625490717,1E+020,46.8111870588768,52.8481515528014,3.19970257692284,-0.448787459441214,179.314734867504,-0.0789696623,0.000375535
94.5006054202116,125,469.427147463936,278.908727287172,97.9194988963436,364.181091819167,384.160284642429,2.60714461204092,1.92912229919992,1E+020,68.1078237919567,60.0089566442559,2.60714461204092,-0.518370452933303,161.132500241892,-0.0145636528,
93.6065567342225,125,519.580851380919,303.653822451702,108.508319067397,396.698958571043,443.783692432161,2.5305499396167,2.60150471631238,1E+020,43.8602009442316,66.1451241436502,2.5305499396167,-0.384392922192159,175.516144008658,0.0525870725,
94.3051203303965,125,527.28494629862,279.260276532599,87.4821103456629,394.252165345396,444.509243027796,3.50578355262508,1.22061587608567,1E+020,57.5048003174118,8.83278223204792,3.50578355262508,-0.819258555940506,161.077999417135,0.112736581,
101.934332513244,125,483.912676987572,285.897791458716,80.2744208254979,384.133656076637,349.47480363856,2.79883124164398,1.45532673732569,1E+020,55.0128730976662,61.62282282199,2.79883124164398,-0.68713092005552,161.145802425248,-0.094576884,
104.198820547127,125,518.008509255545,297.639697482814,148.810567485098,383.578911376912,423.616459585271,2.73695451134464,1.94431910395213,1E+020,70.4673354712871,41.1294614821898,2.73695451134464,-0.514318867704044,161.094345971949,-0.0315686885,
102.380205827068,125,489.543992495477,300.619303832548,188.631519494371,358.375263967104,397.012942728966,2.40736030360278,2.36425867685873,1E+020,41.9941106438048,34.9564871647967,2.40736030360278,-0.422965562012295,161.128793619308,-0.0916650234,
101.841474460361,125,468.177672166014,328.298989396817,88.6357320783024,349.871900278841,424.435216480194,1.985002538739,2.57792536238346,1E+020,3.7597293473257,30.7972386460347,1.985002538739,-0.387908825675013,161.12069954411,-0.0720602993,
95.548424478427,125,492.468015933542,264.448044735573,148.91468636,366.095406690007,420.546974343182,2.99776602938135,1.74526785109544,1E+020,59.6371630772552,74.4896095828762,2.99776602938135,-0.572977952566043,161.108729176464,0.127192843,
89.368158669906,125,424.835096123033,252.34146323403,85.0630399613371,351.541375026207,340.854685201129,2.53233869320966,2.00734750615442,1E+020,80.328604185901,18.7090356389388,2.53233869320966,-0.498169846991641,161.182582953338,0.0832189155,
103.426289176648,125,476.314044827367,260.653118088005,80.9276290825929,362.961841028764,411.517051597851,3.06720458703234,1.57873179758981,1E+020,95.4955474987449,57.2803292863649,3.06720458703234,-0.633419812995889,161.11616741785,0.111823931,
85.4194696404696,125,522.545592064061,299.677919125952,95.768297855394,396.940033614223,425.724771927428,2.59611097888033,2.42712142547664,1E+020,42.7475832176938,38.0127772001306,2.59611097888033,-0.412010701031828,161.084827345786,-0.0158348926,
100.651561168402,125,453.086089778127,292.967454933063,167.688007028889,356.650016593746,412.623132995353,2.28401707884241,2.10484015418216,1E+020,92.0039110619011,38.6507011794072,2.28401707884241,-0.475095459392996,161.120929477572,0.0948128844,
102.263936016562,125,379.241554139707,298.772771134372,83.0526608341157,348.854266026528,362.357575238693,1.77901357057743,2.33245242398237,1E+020,84.7738711879787,77.7353751965063,1.77901357057743,-0.428733289355856,161.163949849023,0.122272435,
102.263936016562,125,379.241554139707,298.772771134372,83.0526608341157,348.854266026528,362.357575238693,1.77901357057743,2.33245242398237,1E+020,84.7738711879787,77.7353751965063,1.77901357057743,-0.428733289355856,161.163949849023,0.122272435,
94.4056895802944,125,445.535881374061,278.135836490386,103.435835969403,371.826155895853,355.397023314485,2.56579107722296,1.7104536605309,1E+020,95.1875725421545,29.4494386601859,2.56579107722296,-0.584640217431916,161.149610669932,0.0584509851,
104.991038837025,125,571.674293910766,288.823268343061,98.1216659511698,376.658987567256,515.479323787556,3.73120301092856,1.18850563419413,1E+020,42.9562054038732,18.2160050464313,3.73120301092856,-0.84139272985277,161.065750935258,0.0343904307,
110.765136808735,125,550.121985679301,247.040801024142,81.3907736537733,364.83555861151,477.81887102049,3.55309873928795,2.0662652031024,1E+020,72.5828767882076,99.5023806225175,3.55309873928795,-0.483964981115951,180.973450502628,0.0726625896,
94.6354626691238,125,554.502205648229,217.814463394589,100.760011930952,378.923505354627,411.917003082056,4.09853289521402,2.00443282671158,1E+020,22.6712971751351,39.5465500798955,4.09853289521402,-0.498894244134175,161.103698557936,0.083136741,
94.4131155936599,125,516.300143692635,253.99586228531,98.5633772466265,361.174571805717,391.583373612432,3.28779908820884,1.87901413250769,1E+020,75.7928713847836,54.6852868383161,3.28779908820884,-0.532193974861393,161.12992292082,-0.100423179,
109.192740007967,125,538.419940417241,248.724040635741,88.8057431406739,373.720869802687,401.443095140763,3.37986425489011,2.19172131822637,1E+020,35.6306962531018,53.5784999265352,3.37986425489011,-0.456262386866429,179.356945671643,-0.0926340285,
118.466800315076,125,508.438435457819,252.75066032233,81.70083234535,379.030678216669,395.929229809024,3.07588527629901,2.34384855267373,1E+020,36.2657673089162,68.7173641736683,3.07588527629901,-0.4266487264543,183.304882272548,0.0277188205,
97.0356496947988,125,544.196403248828,274.370097387105,146.545360352095,375.880561438231,412.107251909871,3.19819854709291,1.82718043493526,1E+020,29.1996404089195,92.6603796456875,3.19819854709291,-0.547291324315999,161.105787826705,-0.106826552,
107.833628593974,125,462.361649506345,277.849035284543,87.1213233555116,379.21925183753,394.993407674966,2.47068658287581,2.4903416530972,1E+020,84.1114926345229,28.8452732279071,2.47068658287581,-0.401551328813183,177.551551003721,0.137156279,
109.845579105523,125,521.981280493744,255.935581336819,84.2687037422295,359.103412452362,439.640543180611,3.08914106039005,2.68871884317385,1E+020,88.3877460048806,82.2220359579028,3.08914106039005,-0.371924346994782,177.141793175076,-0.0146602279,
103.665525106433,125,441.524414522311,278.098175060806,138.198634099014,353.816414430713,400.728620377106,2.27003912495604,2.84574832847294,1E+020,25.8146167657316,96.4670812258093,2.27003912495604,-0.351401418739165,186.030717951551,0.134737572,
103.427453110656,125,553.050795529799,273.391426758473,83.5416118311129,436.093080642948,390.005149742841,3.99194982680352,1.07094615345608,1E+020,36.259833992344,59.4835324693786,3.99194982680352,-0.933753762290353,161.084261147702,0.156721476,
87.4557913376574,125,531.723707822779,268.606796347357,144.774153021202,369.189098875497,461.572219154586,3.12571044592219,2.01621015495621,1E+020,67.1968552314218,29.1463231763221,3.12571044592219,-0.495980043321288,161.655843899182,0.0925682855,
96.4880322783384,125,467.952945426591,255.669655507296,97.4899410633661,365.60346598109,388.066476492025,2.97715521112528,1.73359585906662,1E+020,62.4668227884351,23.3039987502196,2.97715521112528,-0.576835711028062,161.128583169353,0.1216587,
89.6206867815084,125,463.84097822268,246.761027742023,91.5491933837642,352.833789846808,402.499807757705,2.84665715589661,2.27527668207773,1E+020,91.5656239453305,42.7269595375482,2.84665715589661,-0.439506987381783,161.130329396245,0.154453785,
96.8137698611481,125,406.925584154413,317.713484613489,94.8391114506391,362.886892480752,368.424692137532,0.580771732045798,2.8059279908924,1E+020,40.1709110952689,31.6868947116756,0.580771732045798,-0.356388333287897,161.145679077764,0.0168775531,
107.850339701994,125,386.299686534536,296.115953302733,87.4402469454422,349.591807435732,345.453491639683,0.551190413049023,2.64551526446357,1E+020,83.68876758616,64.2295023598792,0.551190413049023,-0.377998196960988,177.374501884255,0.0423936342,
96.8232664903086,125,484.755029352776,299.724725734543,176.923997953324,367.875066939862,447.913507453743,2.39250229376179,2.40119417224303,1E+020,60.6893118286607,54.0750031225377,2.39250229376179,-0.416459448202754,161.094521407708,0.126775489,
100.964537036786,125,458.697752167499,307.26371774661,193.135488208209,373.99319371421,390.232552460017,2.09341533261825,2.60567858869242,1E+020,50.2547428412379,61.5549130658251,2.09341533261825,-0.383777187385885,161.120474625559,0.0613501386,
90.6899754364293,125,420.527874182584,305.38671605929,130.119056601137,362.654806043352,374.654134400616,0.520502951235655,2.8819253885921,1E+020,26.9657518919424,9.63390416774627,0.520502951235655,-0.346990246159193,166.676268608827,0.0561246672,
101.28424428998,125,474.665857230446,291.957612094749,139.290332897432,354.166490585083,415.691191042402,2.43826801021066,2.18903971015322,1E+020,36.2267771984096,23.5358096496211,2.43826801021066,-0.456821315466226,175.522905525151,-0.0147342683,
98.4802892729706,125,487.714441891954,288.807918982218,94.7728486801298,391.23536090633,365.173692454986,2.55381014746551,2.11353104592646,1E+020,17.0137116920663,0.733289565164244,2.55381014746551,-0.473141855156261,161.126790477294,-0.0865523006,
95.3329025421289,125,407.533572106863,287.697132664483,103.521610591932,357.974620410907,287.590530057018,1.92187256974947,2.53243937509244,1E+020,40.1946414738056,1.99274290752799,1.92187256974947,-0.394876185323685,161.256134318994,-0.09732497,
99.7148972501128,125,449.480359685991,265.322223971233,156.075667862305,350.638968966858,359.794175351237,2.49902032132297,2.22488011988724,1E+020,19.0938522970213,66.6236941653141,2.49902032132297,-0.449462418699073,161.164486542976,0.0450449851,
97.4788899060279,125,450.815346981311,279.660222745942,138.669665201937,355.673690557312,372.668951137659,2.34845318516504,2.3764178348769,1E+020,57.751721854225,21.7394651990758,2.34845318516504,-0.420801420240056,179.777410559167,0.0138600205,
106.821396181489,125,555.184750835914,266.824913319594,87.2100364832152,387.850761991868,448.461400212028,3.29661644329909,2.09751226970569,1E+020,76.3602833712213,36.8196005015745,3.29661644329909,-0.476755256425896,180.317019806815,-0.0169047485,
91.0382366371567,125,473.595461294878,261.653208896254,95.6219779247484,352.374756903686,400.227576387189,2.64074739199064,2.99826998208654,1E+020,30.0401757843058,24.1275928496943,2.64074739199064,-0.333525668460345,161.132168081116,0.0313239154,
82.74810117088,125,441.814007928091,269.4003732758,138.479139427198,355.512712366037,362.122186869241,2.4165522136685,2.29470473760476,1E+020,39.1419672730456,66.6290003081952,2.4165522136685,-0.435785913373679,176.822198881748,0.073082875,
106.74428905052,125,461.676971215932,255.613415027175,101.467692790451,409.896812352225,337.627781128851,2.84369961272825,1.86780838700182,1E+020,8.39575984679103,0.778960069835989,2.84369961272825,-0.535386823915695,184.310056790525,0.155104064,
103.193677719246,125,433.405336356561,314.059697807333,84.4375606897625,372.140674024309,397.270731335991,1.9342662854678,2.1246609375437,1E+020,88.9994459658588,72.5391088499629,1.9342662854678,-0.470663333772254,161.117331282914,0.0738691458,
88.9139958783039,125,509.666002840622,273.528246445893,142.416724648264,367.006072757127,422.55954163088,2.94311874415755,1.80226279888023,1E+020,6.68294564979124,31.4419203413884,2.94311874415755,-0.554858037696453,190.105561381868,0.035309556,
100.451161263623,125,527.625429501084,269.504773647623,112.790278793818,391.006387499922,434.796535610099,3.25166863407776,1.68010390600524,1E+020,87.7812840176594,41.9524464453056,3.25166863407776,-0.595201282745475,165.383138189355,0.113113306,
100.068652500682,125,487.374155687785,279.12210386354,92.9374588304178,361.367698507292,396.753167809945,2.5847907507382,2.64559104913685,1E+020,93.8566591999553,80.6095779333258,2.5847907507382,-0.377987368957216,161.126373501492,-0.0797881935,
93.119597731467,125,575.662969408838,266.684352897032,143.466319108617,379.929312288557,474.595945801987,3.70477770050444,1.53528041761486,1E+020,44.1175613477675,49.7070737662595,3.70477770050444,-0.651346808391884,165.69927651339,-0.00942450179,
105.039068688745,125,519.544869801318,330.513863817934,80.3763754030001,423.029421879767,450.307037793678,2.37722017876664,2.06518027537506,1E+020,85.4119293337278,28.8997115172672,2.37722017876664,-0.4842192286668,163.80845381936,0.091105317,
87.0592068180144,125,466.80762649686,265.531137601382,139.497680483632,355.12688791047,383.802628972251,2.65277140100635,2.24006312284298,1E+020,80.229271082749,86.1117408772715,2.65277140100635,-0.446415991497082,175.592630871035,0.0475031274,
94.8186735915986,125,408.853960262999,317.108373677972,134.627107594224,364.686091308029,373.968978008009,0.553900557189466,2.70187620003421,1E+020,15.2281426728452,28.9240695690407,0.553900557189466,-0.370113182827303,167.926781555403,0.0621929556,
85.6015812199229,125,367.613210100639,242.589349549715,107.272406758957,351.444166767908,249.062742237932,2.08074915930837,3.18510845109356,1E+020,44.4514422276257,1.70834400528462,2.08074915930837,-0.313961051987622,191.898828299255,0.121871391,
101.976232482583,125,502.01520441219,310.31130970586,85.3623156064973,393.847756081706,459.793547080583,2.41405939069319,2.21363349081014,1E+020,50.026212221497,25.8941658457746,2.41405939069319,-0.451745966146375,161.07220128221,0.15469541,
98.0573928607762,125,528.449173113814,260.310904572111,113.031404848127,386.848107857414,420.788511136315,3.19330145290949,2.09566413961663,1E+020,42.0754361032357,47.5115290830853,3.19330145290949,-0.477175698670367,166.906137497673,0.0825572512,
91.9154462469565,125,492.15217630945,284.202154645413,182.666940127492,374.056100839531,425.427984570556,2.57910777926104,2.38311173991462,1E+020,87.095665509616,95.4072690036116,2.57910777926104,-0.419619434225869,161.100153043684,0.132841661,
99.4085206760194,125,451.264984951773,311.402289975624,91.6040827420401,427.077563506658,315.356367170227,2.09917444862932,2.0972203721337,1E+020,7.3178896030239,2.17808735565213,2.09917444862932,-0.476821612686608,161.158197868643,0.0883564549,
85.0083017718977,125,514.165486667215,231.01669354313,107.378853154542,356.362347509921,422.980587952683,3.5970389226702,1.85617246662709,1E+020,29.9777125928508,56.1059708631187,3.5970389226702,-0.538743041381889,164.94544836126,0.10010175,
80.390032224878,125,486.948160533703,277.848606252404,103.532221253716,355.806841838732,450.841875666251,2.72216412433091,2.07508734973314,1E+020,96.3595046992965,63.3110512180326,2.72216412433091,-0.48190742434462,161.103104760677,0.13342074,
90.645165378637,125,461.069159795722,318.026692205033,99.9241855606991,366.553538556008,420.131943841517,2.05634017349088,2.20146614570923,1E+020,7.95483326284868,88.4983898581237,2.05634017349088,-0.454242733620525,161.108581659803,0.012851498,
90.9511541428375,125,525.324721158085,243.821312889052,84.6325943291449,378.664846425582,406.571785829083,3.33429241248714,2.27078723286598,1E+020,31.5686511044516,95.1280809122015,3.33429241248714,-0.440375912602736,161.106894651223,0.0561681577,
91.118386953841,125,450.441014805634,289.366248575852,94.5254982156735,383.036211398074,360.781761934646,2.33514820410262,1.82787213012448,1E+020,66.9667109933914,81.6689351792352,2.33514820410262,-0.547084220782939,161.13621025694,0.0625014644,
93.9439369276684,125,570.651955453527,252.996036459069,96.3282290201929,381.742988968831,467.91382780688,3.68258404989684,1.84293315663461,1E+020,37.2778325016303,65.6695496257287,3.68258404989684,-0.542613277318264,161.076870556071,0.0236663426,
108.03101028147,125,480.895123286692,302.161944283968,169.726866138091,351.9547163477,415.249972657305,2.42070386823646,2.05896276054502,1E+020,39.193184162439,85.3641848852517,2.42070386823646,-0.485681440753837,180.914355985097,-0.0751426301,
90.802008321191,125,539.804798887344,253.424313390377,94.5284017637073,353.985101758125,486.797492663963,3.40392240757003,1.95604945675612,1E+020,12.200686083685,33.1364540042589,3.40392240757003,-0.51123451738198,161.091417437827,0.114143158,
87.9372628849345,125,475.748278726903,297.461404567199,151.223565633979,386.165245188049,404.363742987893,2.40687985854392,2.00455187988858,1E+020,78.0401533746355,31.2206069048243,2.40687985854392,-0.498864614097981,161.102977067173,0.119292256,
83.0640136266281,125,419.943941955841,317.255856592454,107.788587598462,351.288432278515,396.720586658143,1.76412402805219,2.56848856185149,1E+020,37.3731106150134,29.0236537803051,1.76412402805219,-0.389334028911989,182.733380370007,0.018924326,
97.0542361897983,125,442.193839527479,311.635184985751,116.718104259074,367.599167378666,364.157843482455,0.503810537017107,2.62615076078402,1E+020,83.0320667598091,5.31883120381909,0.503810537017107,-0.380785450299684,164.633147906318,-0.0769831142,
90.6125428554771,125,530.632030013806,300.735819628512,80.0810117564309,382.786721738705,447.140705636217,2.91029872253981,1.63058619146111,1E+020,85.8857580293104,41.54839944348,2.91029872253981,-0.613276381976432,161.084175919619,-0.0868721548,
90.2620534957436,125,441.592975152305,302.812063414761,102.297988583373,393.338275429854,229.183666820834,2.06583649160947,2.16150069578206,1E+020,28.0916099016798,1.88363275771268,2.06583649160947,-0.462641535092445,161.405628417571,-0.0906459127,
82.6484684720446,125,407.210508405839,307.409872154206,102.181520203079,365.760459648427,384.860900270575,1.84604292174503,2.38448787219457,1E+020,25.5784653857618,78.9048156574908,1.84604292174503,-0.419377264049428,161.130687540461,0.149103158,
93.1511798436572,125,555.153677978271,197.577540556284,89.5381042848853,359.133469392395,420.715320669202,4.56680875135695,1.99427258812201,1E+020,21.6743380295994,33.2011346926611,4.56680875135695,-0.501435965151429,161.114378064962,0.0435941032,
109.103269643643,125,581.322147146927,297.998620669663,155.652273030771,388.068084258507,499.631999416234,3.21563321894325,1.69356194921054,1E+020,36.9033870933443,56.4410371314535,3.21563321894325,-0.590471461918564,189.577795947004,-0.0394297132,
82.5745580402647,125,513.250999156709,304.202107473962,144.308053418581,388.533869501524,423.094219641349,2.493178098781,2.54062131260616,1E+020,62.5388353151875,56.5224920614324,2.493178098781,-0.393604507306208,162.643990924699,-0.0100597141,
99.0613063578971,125,416.542708614332,286.769664913272,101.109661299243,366.563508586142,373.470898268725,2.15090637887181,1.74523617470114,1E+020,46.5414753197296,99.3506267129321,2.15090637887181,-0.572988352233325,161.13850280407,0.15871051,
111.474514848426,125,488.925583169097,241.776083091136,80.4619979024427,364.34340793761,395.35080900697,3.1221087322428,2.39236236048684,1E+020,53.1619739532918,97.8024637068151,3.1221087322428,-0.417996878949602,177.992233816499,0.0770970125,
98.7363618153977,125,476.920338683217,318.898719385981,169.100315702211,372.278614394405,445.251444575913,2.18014368722795,2.31819625538236,1E+020,67.6078149963309,63.3942216626964,2.18014368722795,-0.431369862529202,161.092338679147,0.0830864728,
103.692857396317,125,427.173506029977,264.117790448233,98.1447421581362,373.27911910559,337.461333885432,2.51431288472134,1.69054253706732,1E+020,80.6121899216775,82.3247385304795,2.51431288472134,-0.591526079985396,161.166662753818,0.149205425,
90.2257993287573,125,475.242845070697,308.044211497307,113.058561174443,367.654434359547,448.259352348705,2.1525453492061,3.36233506693916,1E+020,57.4570407714197,3.51809758741552,2.1525453492061,-0.297412357808329,192.336838050641,0.133519702,
102.633980386486,125,546.087444620891,291.514860397536,89.3691559080663,411.11259376175,422.345785836474,2.90570716740801,2.10367087095506,1E+020,88.5063687688281,93.8213746951058,2.90570716740801,-0.475359531667614,161.078483066818,-0.0187183652,
89.681197506114,125,506.187057974853,313.707262107449,103.377530261521,366.717190999324,456.050303089462,2.48495935930373,1.95961300267744,1E+020,90.971931355334,50.1290592940054,2.48495935930373,-0.510304840105514,161.092090746689,-0.0556502189,
98.1245307589866,125,489.373233525724,273.863733164156,112.919272905837,375.857881680477,399.379919363632,2.78850767836061,2.03243859657474,1E+020,83.5124283138831,27.713349363648,2.78850767836061,-0.492019784354272,168.91717743386,0.0533062646,
106.248743043942,125,481.937636676923,324.880617082738,191.482248554856,378.507891650188,433.308529065198,2.09210662107967,2.63955607613964,1E+020,13.062159937821,4.78352938773586,2.09210662107967,-0.378851583809693,163.588296586206,0.0518466947,
88.5024879849071,125,495.033173842222,318.244122328309,191.503492558009,378.769588726262,414.585441138631,2.20762734394229,2.87879374436167,1E+020,50.2991456891359,62.4064342950341,2.20762734394229,-0.347367713285668,161.102354001877,-0.0360177196,
96.8827206696031,125,467.436501394027,293.918306472043,151.668163068895,383.709017663514,399.728627295977,2.45304545180825,1.96117459426186,1E+020,87.7619833480762,33.2211095295098,2.45304545180825,-0.509898508233723,161.107401466838,0.137973646,
98.1795731343359,125,459.996580168526,285.620710539533,106.317837452788,357.717617784315,413.877428515708,2.42617253826556,1.94798142483587,1E+020,98.5657907441038,16.8173973545502,2.42617253826556,-0.51335191765715,161.529617320191,0.0752555724,
93.9032565779134,125,440.127710970432,255.159601850159,111.215980618717,357.677890193572,347.780949073651,2.61936061143505,1.91423266332915,1E+020,54.3769376249951,62.5269340495687,2.61936061143505,-0.522402537140311,168.788164137155,0.0895363026,
90.9053504558691,125,521.834097003457,241.453409226464,94.3594980865769,359.917419142651,432.740732431243,3.71994263724583,1.52579627924436,1E+020,88.5033600352271,11.2305597176362,3.71994263724583,-0.655395489950494,161.107695579771,0.0572018721,
106.911506611267,125,491.158275295709,304.281829834643,191.093189694375,376.635913728252,405.256804313171,2.35195091697137,2.65331052721495,1E+020,28.0265476690733,58.503997036531,2.35195091697137,-0.376887661562045,177.372609274755,0.00746844145,
95.3959198154763,125,435.132854597778,280.210403615914,89.7765204108786,372.827056156855,335.992262097029,2.34267151459617,1.71616331481441,1E+020,21.3813631573679,19.5827081781196,2.34267151459617,-0.582695126604628,161.168681854789,0.0350756497,
95.4866536355071,125,489.471009058729,257.970899557876,80.5661900694534,352.928459822475,409.554279635888,2.74656727532254,3.20791411908013,1E+020,10.0738183668868,86.4814166843927,2.74656727532254,-0.311729043509042,161.126023633561,0.0042555264,
99.5304699355224,125,544.463792432353,298.859268262153,142.76104324442,418.334505090733,436.534578332903,2.97893363779099,1.69579856351392,1E+020,43.3350551482024,52.5920963673205,2.97893363779099,-0.589692680201279,168.812887573478,0.112738024,
97.7500886995238,125,468.586074028355,311.681508760858,94.2422226592728,354.474077033336,435.338419201589,2.27732189309838,1.95218827366838,1E+020,13.0319916161776,28.9795909335958,2.27732189309838,-0.512245675014167,161.111146005208,-0.00213957152,
103.978608321336,125,376.793365146349,287.497929321287,97.0546912121323,352.616670803415,325.020423992654,1.73731300773897,2.05419490057987,1E+020,81.4154859996094,8.20503612326715,1.73731300773897,-0.486808724779578,161.200499616311,0.0716302764,
109.435724549367,125,432.444437375043,311.847635678065,82.6105775974601,358.789471433204,409.288172664462,2.01671786713621,2.2499162712595,1E+020,19.9338783126093,86.628857181762,2.01671786713621,-0.444460984070399,178.835150997139,0.074770482,
86.1038137011882,125,479.22967934999,282.77769290117,180.13599788541,360.158810831703,385.057675505272,2.46624846480339,2.53591133708088,1E+020,56.0178746931531,41.5612957821222,2.46624846480339,-0.394335553210276,161.135303402067,0.0042669551,
84.2279637939871,125,473.609652701544,271.129799356425,140.362000094243,354.629464039353,375.065870138326,2.57934028235667,2.37835066487978,1E+020,81.4309230150845,89.531068618958,2.57934028235667,-0.42045944476003,178.903957470223,-0.0270335968,
106.703884202468,125,469.71091926836,283.049562292347,89.33608129263,356.750513712337,379.614910748555,2.53943270655946,1.868784823173,1E+020,15.5331477211108,20.3120181978926,2.53943270655946,-0.535107085417199,184.285396909083,-0.099617585,
98.3707697349893,125,580.05220404838,277.923739459769,151.192344247615,368.569446223592,502.603943449577,3.53208433324024,1.60001842970053,1E+020,98.3714014641103,48.2114196972837,3.53208433324024,-0.624992800981155,161.074991052701,-0.0426270737,
97.6201877530796,125,524.268213730054,262.638924019322,139.495392752302,364.208756938713,438.479388646095,3.31631361913089,1.60688849048477,1E+020,44.8817201639542,88.2710978284719,3.31631361913089,-0.622320718532444,166.162213726452,0.0276053962,
100.132692427885,125,540.771988331536,287.858132325656,98.5126012316866,416.528962518237,413.541628712017,3.07592037331818,1.63285268246963,1E+020,19.6179785534235,97.4809498909851,3.07592037331818,-0.612425119997681,161.08011309818,0.056692953,
87.3942573434514,125,534.903746868827,240.049122618709,85.5453144414324,386.646158821599,422.981910710443,3.61997978668196,1.87548850509908,1E+020,49.5461908101178,14.370629872652,3.61997978668196,-0.533194416964539,161.092621504934,0.145214984,
91.1424134041048,125,460.840800226739,279.37526998922,86.7241920779157,351.151786854592,388.959755800912,2.48794727126778,2.13143045252976,1E+020,76.5336019931397,78.3024125482319,2.48794727126778,-0.469168486737682,161.140762493705,-0.0448108427,
101.59124325195,125,423.478907252226,300.115130575999,112.210727567235,375.255544023741,335.983386769276,1.89970013709261,2.83257878888015,1E+020,77.9332750525075,1.21881032238032,1.89970013709261,-0.353035193204757,186.18444636429,-0.0233875058,
104.392322426966,125,508.973777270051,272.57248788869,84.1130368894477,370.394367370182,461.982670169919,2.86481610371636,2.29912248139153,1E+020,61.8169487849705,58.7363962098294,2.86481610371636,-0.434948554543626,161.087014654795,0.159691875,
93.6463991756758,125,510.447348955068,325.369847339369,94.7327871372956,430.257097307232,429.512326775393,2.27529915886955,2.22870747315658,1E+020,11.2924412554164,76.1347871175424,2.27529915886955,-0.448690558112443,161.065724996952,0.159112691,
103.140458827494,125,516.288884621557,282.963337077053,150.873480182824,391.306693027955,418.863951215696,3.06860713316343,1.50758692788968,1E+020,40.5078802834835,19.7261667366,3.06860713316343,-0.663311668136974,161.091704145094,0.0890008605,
98.5568306807635,125,452.629374592451,307.690221716865,199.833455168926,369.45151594042,390.727708512433,2.05198009929793,2.98886945184798,1E+020,48.7254955194933,30.4516489914689,2.05198009929793,-0.334574666478561,161.123669188545,0.0621730277,
103.444932545417,125,564.360760474251,286.711141701172,107.431345694027,379.377183545355,484.907740873488,3.23375858262923,1.70463471311134,1E+020,16.1039818382936,79.3970421093153,3.23375858262923,-0.586635947460424,165.452948677927,-0.0435880816,
90.7730119593785,125,445.843022263146,298.792798622164,111.378230989402,389.205946761062,384.522316553831,2.17530632360101,2.10665731582055,1E+020,57.5979114711338,32.4365862250583,2.17530632360101,-0.474685651287569,173.084163165749,0.161476481,
98.895858890393,125,556.719774269424,319.566689901225,94.7159079190128,438.705901828532,455.595889073367,2.82298439930792,1.75427629888605,1E+020,52.7287041012831,52.3893303966853,2.82298439930792,-0.570035632719312,161.051381114621,0.100416673,
83.3029773170278,125,554.596261135979,280.11071464478,101.854750474556,374.800820972852,458.096905512007,3.06006514555357,2.22334588705139,1E+020,39.2909280630793,31.57050839704,3.06006514555357,-0.449772572870434,161.085295230777,-0.0983350583,
102.847318875141,125,585.983416732463,245.125255480548,85.121380521207,372.548689640422,513.608943102303,4.49920488609354,1.22799776688842,1E+020,90.4735820060782,85.9199486951669,4.49920488609354,-0.814333728418633,161.069087069018,0.105644223,
88.4243379969274,125,511.857492801607,216.751114204192,90.4345395161446,351.856336786989,394.889942834677,3.73239962737289,2.14566758713388,1E+020,78.0993645213505,64.8466880974631,3.73239962737289,-0.466055416037567,161.136086227166,0.0373327013,
100.929170727932,125,517.16732859949,259.572848650697,101.408864761745,395.935909381805,366.192544843381,3.63239304715307,1.24745090672109,1E+020,60.9824870775514,82.7945318180568,3.63239304715307,-0.801634753409646,161.12287979185,0.0509122094,
98.4081284111093,125,501.274050202899,282.848378029757,83.0318273269829,380.535203991321,423.442970041428,2.90953179048789,1.64860838266597,1E+020,93.8846715297586,92.9493297940886,2.90953179048789,-0.606572191743256,161.09651440913,0.0433641545,
81.7761297434362,125,484.766674719766,318.612434442981,111.300576650478,390.717163382523,429.157709894341,2.20331371081347,2.36119295937753,1E+020,52.7698561946749,10.4790870939712,2.20331371081347,-0.423514730563836,175.594641899669,0.0605436493,
100.910330723654,125,544.650307737671,307.030999511524,158.88592699328,413.122162851324,466.971675806797,2.69323534769667,2.28666004908417,1E+020,45.9523714825377,75.1757146626243,2.69323534769667,-0.437319049851993,161.059012523645,0.150248624,
107.75101499663,125,502.258226847315,302.789539803147,179.771923650678,394.962488362051,396.144880126622,2.47426506045383,2.09839416867558,1E+020,25.877043685805,58.7816394776226,2.47426506045383,-0.476554888937363,180.355203538753,0.0528732375,
91.7768307827685,125,497.901574230417,308.829274904335,205.717856170073,357.84409708561,416.925020434175,2.31969827579094,2.6372280310887,1E+020,56.756169255299,9.70017712797197,2.31969827579094,-0.379186019643201,161.117509537002,-0.0925608361,
84.3199488484081,125,502.919394108761,283.381595317693,180.58485960138,370.327088111012,402.572644399154,2.59333753987663,2.6627550091973,1E+020,63.6217306707479,19.7928271345408,2.59333753987663,-0.37555088490903,161.115470593345,0.0152516331,
84.4925013728835,125,533.48444501107,312.538358596042,181.800995784217,391.819911008971,445.820153664655,2.51767405588584,2.43189776082819,1E+020,30.6234229128189,26.9944247030558,2.51767405588584,-0.411201497080801,161.078935075193,-0.00834499383,
84.6634534505016,125,529.73680382369,329.48970054083,142.523613100245,418.068327673205,439.569896375379,2.32609527360497,2.53871205763639,1E+020,61.5431358535694,17.0192211202276,2.32609527360497,-0.393900520144465,187.267251820407,0.0261606379,
108.43780186369,125,450.91852805223,310.511076841096,98.550583892591,371.558632560268,385.480460735561,2.10799803935802,2.258437399663,1E+020,33.965575351574,87.6758130813461,2.10799803935802,-0.442784024099681,178.769650347887,-0.0349695414,
102.62767678736,125,504.242578895157,215.338175800846,94.33743235957,373.115566768828,346.200363069157,4.54268753759645,1.13811408510556,1E+020,48.0256947933471,6.20585187779405,4.54268753759645,-0.878646537361194,161.157498833619,0.10705704,
94.623018992855,125,566.580375644932,245.28805885492,93.954117946304,392.191850985728,455.294528294413,4.02744238585671,1.48981647485798,1E+020,94.8000941793055,52.8728926824287,4.02744238585671,-0.671223615039782,161.07491110273,0.108647102,
115.832259292121,125,537.360510952558,251.204466460046,80.5337148593571,401.488498100067,377.086462163462,3.73669572989635,1.44611330005883,1E+020,47.6157046052596,1.47795800683125,3.73669572989635,-0.691508749666654,219.268596148993,-0.0150490403,
87.0795892014124,125,458.129750294183,302.138044357902,193.87083416595,372.552285185743,342.357630190322,2.09555351367797,3.05963208042459,1E+020,5.4355367170803,0.595076280595208,2.09555351367797,-0.326836682880259,161.161941525659,-0.068023752,
96.5874441879984,125,409.365963637633,311.041078423002,156.003661672663,357.462002659388,360.25953112498,0.543297833379936,2.59566826411995,1E+020,57.105470333017,92.3650867476312,0.543297833379936,-0.385257243316894,161.157559944304,0.0163195454,
109.548408621982,125,532.885890149596,271.083506166757,156.600455674029,376.677718660561,430.946580546732,3.18827821684559,1.79507850748451,1E+020,29.8139039635042,64.6388158071788,3.18827821684559,-0.557078699249386,186.403023599299,0.0146994167,
97.0258027314153,125,473.978769346618,279.767434780134,147.837574532395,369.439779557182,413.059591690721,2.71987296930046,1.64523334353243,1E+020,78.8456237760438,73.7610947375302,2.71987296930046,-0.607816516685064,161.110115177727,0.129583258,
106.970540323957,125,441.185008172534,285.802726885868,103.839450176561,352.212532811059,378.911257457189,2.14132280304507,3.06173320234924,1E+020,3.40768752513012,63.3965368262472,2.14132280304507,-0.326612390404464,178.46054091219,0.0683613238,
94.340719265717,125,533.472910966997,279.334520253015,91.0818878007018,362.508036130566,464.416942997313,3.27758725510414,1.47622454880764,1E+020,24.4126994301279,93.9693442696004,3.27758725510414,-0.677403719378401,161.092169369342,-0.0383591576,
106.460329205448,125,532.557803549948,280.504695309702,146.766800753081,396.315985022722,410.818005364978,3.00703513516667,1.89400498022688,1E+020,88.188267208571,77.4897321465324,3.00703513516667,-0.527981716225588,165.809792050705,0.0367702554,
97.3776220760023,125,459.649878946192,328.120349287917,95.1943299117861,389.74679679813,406.977902446442,1.98796045817182,2.50118422475529,1E+020,88.6961621037136,98.7431420259579,1.98796045817182,-0.399810613749508,161.099115548036,0.0252088906,
102.539720359275,125,540.833122488453,290.426354489374,159.935173920502,400.207959794046,441.118989563673,2.8685225025403,2.03207429313986,1E+020,11.6183841658123,25.617071193608,2.8685225025403,-0.492107992003998,161.075927335823,0.0854781093,
89.8717440797328,125,465.438502141437,274.83059082498,172.912958594887,353.899294927683,375.762079768701,2.53357426498791,2.1515218778423,1E+020,41.7173721546018,24.1045455573679,2.53357426498791,-0.464787279320102,161.147883927346,0.0230289858,
103.040857686072,125,412.354799449168,304.884488481843,86.5442647125695,368.123655934175,369.713027129344,1.86011314458017,2.44950177127814,1E+020,16.8094703132074,74.3537625491414,1.86011314458017,-0.408246285724547,161.140210329428,0.0839289018,
103.280512572206,125,421.165395468399,296.57092658134,91.1728667672784,367.664035486988,371.510231836625,1.96930935336161,2.55444920712382,1E+020,38.83462472277,68.0456608159433,1.96930935336161,-0.391473824263647,161.139143162806,0.0859944051,
94.6316785525592,125,432.953444837435,304.592543103149,107.548403465906,386.3429725517,375.987441412709,1.9809805076133,2.20922096770839,1E+020,36.7541599260405,3.00116716000614,1.9809805076133,-0.452648247783603,175.834131113089,0.133364704,
101.888192932345,125,413.980263258669,273.996616943646,107.474981132906,364.076951741637,353.091071917449,2.17768958998034,1.90861766436408,1E+020,33.5235429361848,52.1930693153349,2.17768958998034,-0.523939403197961,171.189578646871,0.147762583,
109.233751526374,125,559.61614486554,255.34972819392,87.531392302525,382.400035165192,442.564345978667,3.7859255450336,1.52406527597545,1E+020,84.9811696926391,44.1986537951246,3.7859255450336,-0.656139875216283,197.372750828807,-0.0455861895,
93.4641990514911,125,475.608843998342,304.928820516364,100.406985632485,395.645965546039,418.744210512051,2.40105379641205,1.97552491333582,1E+020,97.7095655402049,54.8616208545968,2.40105379641205,-0.50619457808377,161.089075879186,0.154309792,
91.4080689028564,125,486.663916700745,279.724526494839,98.0098542449169,356.325455200589,393.973193249709,2.56430917374896,2.67939832445344,1E+020,63.8397645584788,4.96558176115693,2.56430917374896,-0.373218117990719,161.132589412106,-0.103125968,
89.1894679328868,125,393.935721430634,304.202413220254,99.9052703113709,351.136086363695,384.510513194187,0.577963075884054,3.28621754806401,1E+020,94.8297955450241,88.8383229914982,0.577963075884054,-0.304301217242639,161.143929576133,0.142517956,
88.9890237381892,125,490.605142101404,280.437821435425,84.9647868569263,379.977400957247,381.388147990874,2.63473230462009,2.18251046184683,1E+020,40.44476904929,69.997405862236,2.63473230462009,-0.458187952580902,161.122150360861,-0.0330780918,
116.480798978867,125,518.00916831672,262.266051018874,101.384150925862,386.610055331807,439.015621563252,2.94828904597612,2.86858634946642,1E+020,36.6061982407713,78.6752099336846,2.94828904597612,-0.348603764424246,180.008753165952,0.157864384,
99.990571847489,125,539.486825968522,264.455004407223,103.029281435188,383.551703536843,432.950685790561,3.20692955518679,2.11929739487123,1E+020,98.9296028335359,12.1805238315679,3.20692955518679,-0.471854494050733,161.089884095498,0.0135906551,
82.5834613004342,125,410.477655382439,301.328347835664,91.0632408458179,355.472364792763,389.848495033984,1.98527955494602,2.15561897130063,1E+020,62.6784919418223,52.5509227945128,1.98527955494602,-0.463903877871623,161.136133678186,0.123216181,
103.200476764084,125,480.917195117839,304.875659796402,102.500255254101,427.235068127641,286.520957765598,2.23235946774115,2.69008119064252,1E+020,23.7526261855457,1.83941849079523,2.23235946774115,-0.371735992013367,161.204956460335,-0.014301596,
105.423822654319,125,456.297284442462,298.741083857703,99.8768251053317,369.703471207237,384.503123907766,2.24972836179691,2.41647645091083,1E+020,92.1789530880666,60.9944404823293,2.24972836179691,-0.413825675653936,163.98405977958,-0.0179701046,
93.7785042002176,125,511.919271311568,231.782918128985,92.3758492071478,353.877729041947,407.143937152936,3.34231785356108,2.77393609913178,1E+020,48.9892340014414,22.9330950039384,3.34231785356108,-0.360498571078473,161.126570214665,0.0148911486,
100.957721734424,125,508.313866886739,281.431607044045,85.9086121967786,373.390239526054,424.556381467061,2.86326662836621,1.90174827448533,1E+020,55.0175813527592,65.9020561681477,2.86326662836621,-0.525831948116598,161.101078669431,-0.0258198194,
88.4494827850758,125,420.117064460981,289.769742028606,104.428842785707,349.309316481753,361.988724297999,2.10081366387748,2.39445674375594,1E+020,64.3250177114287,17.213575144578,2.10081366387748,-0.417631265466672,161.163824441179,-0.00277488127,
98.8811951900264,125,537.931460237356,325.652360671174,88.9556122282673,424.890752690941,431.794953873274,2.56610611289118,1.92233949025395,1E+020,28.4426918033842,75.5516684073591,2.56610611289118,-0.520199478328303,161.06716965592,-0.0313565712,
106.385263321706,125,404.68052799152,317.001952343082,91.7071965367938,361.934667624756,367.97012185635,1.80266564073502,2.29000667588826,1E+020,17.874160785761,38.1309329639061,1.80266564073502,-0.436679949682729,164.308867433777,0.0250092398,
88.9958890591066,125,506.394452135747,277.747966417252,97.5433262676435,394.285684101448,420.842477132711,2.98424039264538,1.68950240467267,1E+020,61.2094626284198,58.5056090635963,2.98424039264538,-0.591890249599107,161.088842504386,0.143959484,
96.2091947536314,125,470.698542771172,272.164584195762,85.0974908448892,385.790446180006,307.928581375711,2.56992941867071,2.24520474368955,1E+020,26.7722995879823,2.13928206798744,2.56992941867071,-0.445393678599083,161.195389628653,-0.0671839084,
105.89472647434,125,456.878969436036,323.479553521732,186.588349682494,351.99632786761,404.701818510579,1.9829257136436,2.6065787325471,1E+020,34.334127560344,43.0237294122799,1.9829257136436,-0.383644655545401,163.66726148182,-0.0875876237,
103.083366021144,125,463.122704303799,252.936268242656,82.2707670134723,371.86415882992,381.365698082494,2.74492677606699,2.33990943732012,1E+020,42.415542315558,83.9553469593732,2.74492677606699,-0.427366967306774,161.128280710188,0.157476496,
110.853949077941,125,510.513881541459,245.230529260038,86.4073274974849,361.741487621945,393.232150828298,3.5666464372052,1.50042371467069,1E+020,20.7415336003693,69.8713016980643,3.5666464372052,-0.666478402215522,199.377244341744,-0.0531261943,
97.4506267348932,125,501.442944075017,272.012349419651,154.388515134118,354.157806558599,405.701416544378,2.77247145350765,2.50097733358286,1E+020,26.8563370030215,80.3132501344386,2.77247145350765,-0.399843687734432,161.127174117599,-0.056135424,
107.362761599063,125,481.237790748147,337.201203628259,97.4814826926269,386.113276983964,423.149079949299,2.00620207124496,2.48118099543318,1E+020,94.9766891493274,62.5142660279064,2.00620207124496,-0.403033878560485,177.576337999488,-0.0797680306,
102.497051279174,125,530.570486432332,318.072381007437,172.149556534254,405.814770797012,466.91319677747,2.49124494447424,2.29253462895831,1E+020,91.597636073838,40.8906514390687,2.49124494447424,-0.436198427438534,161.062838864564,0.121919155,
84.9829191732376,125,484.742529292278,291.84077195789,189.06130408699,366.427624862978,378.783176312394,2.41199860836344,2.43414456940609,1E+020,21.3386934836598,87.5076074460597,2.41199860836344,-0.410821942364743,161.134551324695,-0.0154664461,
91.9112206173453,125,434.953625467344,297.348384825891,177.000255711735,370.365838827837,391.05973248186,2.06277493687506,2.38288168094592,1E+020,50.0888244416898,40.2889320609003,2.06277493687506,-0.419659947028102,161.122726201202,0.161628741,
98.3343668022424,125,534.04535690141,261.191162838533,87.3136552504677,399.829305046335,414.535209169788,3.52935402279442,1.47080600844836,1E+020,85.2246529745254,34.6245498894999,3.52935402279442,-0.679899316603255,161.08875838891,0.0972091322,
91.6043189331809,125,437.231007738074,278.542237120654,179.459707915128,350.050315348912,384.953111583411,2.22032887873512,2.36075222595221,1E+020,16.3798788198183,43.2270312107894,2.22032887873512,-0.423593797352727,161.144652134986,0.110518688,
92.6252770091349,125,525.705889204043,271.416920708854,100.983622095717,404.536095077275,301.250038779914,3.39550354034609,1.35632440353019,1E+020,27.3777201949519,2.11158597100686,3.39550354034609,-0.737286741576898,161.19262348764,-0.0982206958,
92.5123485411794,125,506.515349861465,302.347261042479,85.7148612304437,391.862768489551,457.168896534822,2.68405404274588,1.74647887437527,1E+020,68.0731197013747,36.1233611784802,2.68405404274588,-0.572580644788907,161.074392131421,0.147115626,
98.8870712839942,125,543.760509315899,233.94689588892,94.4263230137481,370.976551499139,410.989782726933,3.71025478241779,2.05659089148171,1E+020,40.0855354084734,89.9706102204589,3.71025478241779,-0.486241577817907,161.110080761558,-0.0218250684,
107.610418740428,125,562.334184659143,211.894147972922,93.9247848727526,365.603874336361,414.310101900759,4.76695542864164,1.38088319245152,1E+020,49.4455347802113,62.2527742389082,4.76695542864164,-0.724174213623873,206.747571787539,-0.0466986714,
108.076971970217,125,555.654369465831,306.134773837013,147.618646763228,395.646663173813,449.563569104069,2.75990466020994,2.19532416599451,1E+020,15.9877714110968,69.6787815988124,2.75990466020994,-0.455513593614084,179.266948293856,-0.090927919,
103.398533714666,125,516.853172294701,306.528370246615,82.6798341264779,410.587706483116,402.14551619074,2.69591871534722,1.72865933547713,1E+020,93.050922244189,65.8271329655397,2.69591871534722,-0.578482977806608,161.08951887243,-0.0323693711,
99.9378527583128,125,497.06807394608,225.837258535276,109.932358316901,362.26752878681,378.797369067379,3.44477936306138,2.15411104545524,1E+020,79.797690269925,59.6618874386874,3.44477936306138,-0.464228620947749,167.056500882007,0.0976307225,
103.389386178007,125,493.819478347269,294.82689811328,80.3535694852246,406.477463253941,381.910126538656,2.65428367019037,1.68845873517797,1E+020,39.408601444206,50.1087268588481,2.65428367019037,-0.592256108583307,161.104659006684,0.0456229068,
97.9529628954543,125,520.725474990583,256.829586279943,101.824679524398,376.503191121415,354.407811312336,3.71580089233472,1.23875047679341,1E+020,40.488577146171,4.99847042360275,3.71580089233472,-0.807265077781093,161.146832797946,-0.102992402,
102.600104653189,125,532.883959595043,299.291111558026,81.239186939422,404.214532775925,412.96104781712,2.98453668590349,1.47312309230381,1E+020,16.4877918645729,46.3026479236308,2.98453668590349,-0.678829899025007,161.08705696611,-0.0768305864,
102.090853607793,125,514.341459979384,286.252461317971,149.992905591354,361.092631755175,479.151484359565,2.73426604056685,2.34067856360184,1E+020,53.0925435951235,5.57597940850067,2.73426604056685,-0.427226538299731,161.088051021457,0.145419236,
105.333576168762,125,445.166496550811,252.914481928947,104.864384184488,347.254825028828,376.582863955523,2.5086461455068,3.47990964067885,1E+020,18.1925822081875,19.7575110848458,2.5086461455068,-0.287363783332294,163.221656803052,0.085697828,
100.037145912587,125,505.054630815189,261.77232968907,107.987116140164,353.50845368725,428.615038250377,3.067026074361,1.87034683849448,1E+020,91.4918828679696,42.0669884433788,3.067026074361,-0.534660192119736,167.217181452642,-0.00595895827,
104.336339451743,125,386.081719922319,247.061287906174,100.789619317243,349.001908157542,282.969870860212,2.20385434393437,1.90996976899252,1E+020,4.93719074241383,3.37559750556896,2.20385434393437,-0.523568496336718,161.275620822045,0.117232841,
101.01690063179,125,505.394179329145,211.875559743813,124.505094836685,379.617830137026,310.319268720713,3.68881394461072,2.56527073171152,1E+020,53.4812240281217,1.35787940106992,3.68881394461072,-0.389822402617447,169.653702320507,0.0782598313,
96.851620500696,125,463.886300215648,310.219201794862,176.822816120852,375.440039514355,412.169275050522,2.09682519754111,2.44619284392031,1E+020,17.7482402367388,55.6495724185805,2.09682519754111,-0.408798514183119,161.106076462558,0.0843233206,
105.39663971501,125,459.181616066661,288.642704945301,162.369036347549,364.283751870577,421.892276431964,2.41753271492642,1.90898040370746,1E+020,69.2718594795634,32.5409926155333,2.41753271492642,-0.523839845635862,165.711643499606,0.160351193,
105.592920549005,125,567.405655810265,281.259875085305,154.90897425343,407.690887724226,472.058941878688,3.32084862413319,1.73177016170936,1E+020,33.9215511777674,36.6727275202744,3.32084862413319,-0.577443832969695,166.842616890364,0.14617755,
87.5471044816199,125,496.094623248565,280.288672258416,100.99558962527,357.59757135073,426.865979492512,2.71948494414329,2.10095048220897,1E+020,11.8669017325304,96.2893896072862,2.71948494414329,-0.475975044851406,161.112538472726,-0.020487992,
97.6784496949719,125,520.977501572514,216.881758931099,111.152966618736,375.035459900629,339.777979095071,4.55941573166113,1.1721533310214,1E+020,54.1466938148302,26.5717341063306,4.55941573166113,-0.853130706994289,162.552660727169,0.0905208888,
